lat_deg,lon_deg,s_m,kappa_1pm,az_rad,leg_index
39,-76.5,0,-0.06981333333,0,0
39.00001802,-76.5,2,0,6.235012506e-13,0
39.00003603,-76.5,4,0,6.235012506e-13,0
39.00005405,-76.5,6,0,6.235012506e-13,0
39.00007206,-76.5,8,0,6.235012506e-13,0
39.00009008,-76.5,10,0,6.235012506e-13,0
39.00010809,-76.5,12,0,6.235012506e-13,0
39.00012611,-76.5,14,0,6.235012506e-13,0
39.00014412,-76.5,16,0,6.235012506e-13,0
39.00016214,-76.5,18,0,6.235012506e-13,0
39.00018016,-76.5,20,0,6.235012506e-13,0
39.00019817,-76.5,22,0,6.235012506e-13,0
39.00021619,-76.5,24,0,6.235012506e-13,0
39.0002342,-76.5,26,0,6.235012506e-13,0
39.00025222,-76.5,28,0,6.235012506e-13,0
39.00027023,-76.5,30,0,6.235012506e-13,0
39.00028825,-76.5,32,0,6.235012506e-13,0
39.00030626,-76.5,34,0,6.235012506e-13,0
39.00032428,-76.5,36,0,6.235012506e-13,0
39.00034229,-76.5,38,0,6.235012506e-13,0
39.00036031,-76.5,40,0,6.235012506e-13,0
39.00037833,-76.5,42,0,6.235012506e-13,0
39.00039634,-76.5,44,0,6.235012506e-13,0
39.00041436,-76.5,46,0,6.235012506e-13,0
39.00043237,-76.5,48,0,6.235012506e-13,0
39.00045039,-76.5,50,0,6.235012506e-13,0
39.0004684,-76.5,52,0,6.235012506e-13,0
39.00048642,-76.5,54,0,6.235012506e-13,0
39.00050443,-76.5,56,0,6.235012506e-13,0
39.00052245,-76.5,58,0,6.235012506e-13,0
39.00054047,-76.5,60,0,6.235012506e-13,0
39.00055848,-76.5,62,0,6.235012506e-13,0
39.0005765,-76.5,64,0,6.235012506e-13,0
39.00059451,-76.5,66,0,6.235012506e-13,0
39.00061253,-76.5,68,0,6.235012506e-13,0
39.00063054,-76.5,70,0,6.235012506e-13,0
39.00064856,-76.5,72,0,6.235012506e-13,0
39.00066657,-76.5,74,0,6.235012506e-13,0
39.00068459,-76.5,76,0,6.235012506e-13,0
39.0007026,-76.5,78,0,6.235012506e-13,0
39.00072062,-76.5,80,0,6.235012506e-13,0
39.00073864,-76.5,82,0,6.235012506e-13,0
39.00075665,-76.5,84,0,6.235012506e-13,0
39.00077467,-76.5,86,0,4.440892099e-16,0
39.00079268,-76.5,88,0,4.440892099e-16,0
39.0008107,-76.5,90,0,4.440892099e-16,0
39.00082871,-76.5,92,0,4.440892099e-16,0
39.00084673,-76.5,94,0,4.440892099e-16,0
39.00086474,-76.5,96,0,4.440892099e-16,0
39.00088276,-76.5,98,0,4.440892099e-16,0
39.00090078,-76.5,99.99999999,0,4.440892099e-16,0
39.00090078,-76.5,99.99999999,-0.06981333333,0,1
39.00091879,-76.5,102,0,1.80966353e-13,1
39.00093681,-76.5,104,0,1.80966353e-13,1
39.00095482,-76.5,106,0,1.80966353e-13,1
39.00097284,-76.5,108,0,1.80966353e-13,1
39.00099085,-76.5,110,0,1.80966353e-13,1
39.00100887,-76.5,112,0,1.80966353e-13,1
39.00102688,-76.5,114,0,1.80966353e-13,1
39.0010449,-76.5,116,0,1.80966353e-13,1
39.00106291,-76.5,118,0,1.80966353e-13,1
39.00108093,-76.5,120,0,1.80966353e-13,1
39.00109895,-76.5,122,0,1.80966353e-13,1
39.00111696,-76.5,124,0,1.80966353e-13,1
39.00113498,-76.5,126,0,1.80966353e-13,1
39.00115299,-76.5,128,0,1.80966353e-13,1
39.00117101,-76.5,130,0,1.80966353e-13,1
39.00118902,-76.5,132,0,1.80966353e-13,1
39.00120704,-76.5,134,0,1.80966353e-13,1
39.00122505,-76.5,136,0,1.80966353e-13,1
39.00124307,-76.5,138,0,1.80966353e-13,1
39.00126109,-76.5,140,0,1.80966353e-13,1
39.0012791,-76.5,142,0,1.80966353e-13,1
39.00129712,-76.5,144,0,1.80966353e-13,1
39.00131513,-76.5,146,0,1.80966353e-13,1
39.00133315,-76.5,148,0,1.80966353e-13,1
39.00135116,-76.5,150,0,1.80966353e-13,1
39.00136918,-76.5,152,0,1.80966353e-13,1
39.00138719,-76.5,154,0,1.80966353e-13,1
39.00140521,-76.5,156,0,1.80966353e-13,1
39.00142322,-76.5,158,0,1.80966353e-13,1
39.00144124,-76.5,160,0,1.80966353e-13,1
39.00145926,-76.5,162,0,1.80966353e-13,1
39.00147727,-76.5,164,0,1.80966353e-13,1
39.00149529,-76.5,166,0,1.80966353e-13,1
39.0015133,-76.5,168,0,1.80966353e-13,1
39.00153132,-76.5,170,0,1.80966353e-13,1
39.00154933,-76.5,172,0,1.80966353e-13,1
39.00156735,-76.5,174,0,1.80966353e-13,1
39.00158536,-76.5,176,0,1.80966353e-13,1
39.00160338,-76.5,178,0,1.80966353e-13,1
39.0016214,-76.5,180,0,1.80966353e-13,1
39.00163941,-76.5,182,0,1.80966353e-13,1
39.00165743,-76.5,184,0,1.80966353e-13,1
39.00167544,-76.5,186,0,1.80966353e-13,1
39.00169346,-76.5,188,0,1.80966353e-13,1
39.00171147,-76.5,190,0,1.80966353e-13,1
39.00172949,-76.5,192,0,1.80966353e-13,1
39.0017475,-76.5,194,0,1.80966353e-13,1
39.00176552,-76.5,196,0,1.80966353e-13,1
39.00178353,-76.5,198,0,1.80966353e-13,1
39.00180155,-76.5,200,0,1.80966353e-13,1
39.00181957,-76.5,202,0,1.80966353e-13,1
39.00183758,-76.5,204,0,1.80966353e-13,1
39.0018556,-76.5,206,0,1.80966353e-13,1
39.00187361,-76.5,208,0,1.80966353e-13,1
39.00189163,-76.5,210,0,1.80966353e-13,1
39.00190964,-76.5,212,0,1.80966353e-13,1
39.00192766,-76.5,214,0,1.80966353e-13,1
39.00194567,-76.5,216,0,1.80966353e-13,1
39.00196369,-76.5,218,0,1.80966353e-13,1
39.00198171,-76.5,220,0,1.80966353e-13,1
39.00199972,-76.5,222,0,1.80966353e-13,1
39.00201774,-76.5,224,0,1.80966353e-13,1
39.00203575,-76.5,226,0,1.80966353e-13,1
39.00205377,-76.5,228,0,1.80966353e-13,1
39.00207178,-76.5,230,0,1.80966353e-13,1
39.0020898,-76.5,232,0,1.80966353e-13,1
39.00210781,-76.5,234,0,1.80966353e-13,1
39.00212583,-76.5,236,0,1.80966353e-13,1
39.00214384,-76.5,238,0,1.80966353e-13,1
39.00216186,-76.5,240,0,1.80966353e-13,1
39.00217988,-76.5,242,0,1.80966353e-13,1
39.00219789,-76.5,244,0,1.80966353e-13,1
39.00221591,-76.5,246,0,1.80966353e-13,1
39.00223392,-76.5,248,0,1.80966353e-13,1
39.00225194,-76.5,250,0,1.80966353e-13,1
39.00226995,-76.5,252,0,1.80966353e-13,1
39.00228797,-76.5,254,0,1.80966353e-13,1
39.00230598,-76.5,256,0,1.80966353e-13,1
39.002324,-76.5,258,0,1.80966353e-13,1
39.00234202,-76.5,260,0,1.80966353e-13,1
39.00236003,-76.5,262,0,1.80966353e-13,1
39.00237805,-76.5,264,0,1.80966353e-13,1
39.00239606,-76.5,266,0,1.80966353e-13,1
39.00241408,-76.5,268,0,1.80966353e-13,1
39.00243209,-76.5,270,0,1.80966353e-13,1
39.00245011,-76.5,272,0,1.80966353e-13,1
39.00246812,-76.5,274,0,1.80966353e-13,1
39.00248614,-76.5,276,0,1.80966353e-13,1
39.00250415,-76.5,278,0,1.80966353e-13,1
39.00252217,-76.5,280,0,1.80966353e-13,1
39.00254019,-76.5,282,0,1.80966353e-13,1
39.0025582,-76.5,284,0,1.80966353e-13,1
39.00257622,-76.5,286,0,4.440892099e-16,1
39.00259423,-76.5,288,0,4.440892099e-16,1
39.00261225,-76.5,290,0,4.440892099e-16,1
39.00263026,-76.5,292,0,4.440892099e-16,1
39.00264828,-76.5,294,0,4.440892099e-16,1
39.00266629,-76.5,296,0,4.440892099e-16,1
39.00268431,-76.5,298,0,4.440892099e-16,1
39.00270233,-76.5,299.9999997,0,4.440892099e-16,1
39.00270233,-76.5,299.9999997,0.06981333333,0,2
39.00272028,-76.50000161,301.9999997,0.06981333333,-0.1396266667,2
39.00273789,-76.50000641,303.9999997,0.06981333333,-0.2792533333,2
39.0027548,-76.5000143,305.9999997,0.06981333333,-0.41888,2
39.0027707,-76.50002513,307.9999997,0.06981333333,-0.5585066667,2
39.00278526,-76.50003869,309.9999997,0.06981333333,-0.6981333333,2
39.00279862,-76.50005417,311.9999997,-0.06981333333,-0.7030833449,2
39.00281313,-76.50006783,313.9999997,-0.06981333333,-0.5634566783,2
39.00282898,-76.50007876,315.9999997,-0.06981333333,-0.4238300116,2
39.00284586,-76.50008676,317.9999997,-0.06981333333,-0.2842033449,2
39.00286345,-76.50009166,319.9999997,-0.06981333333,-0.1445766783,2
39.0028814,-76.50009339,321.9999997,-0.06981333333,-0.00495001159,2
39.00289937,-76.50009189,323.9999997,-0.06981333333,0.1346766551,2
39.00291699,-76.50008721,325.9999997,-0.06981333333,0.2743033217,2
39.00293394,-76.50007942,327.9999997,-0.06981333333,0.4139299884,2
39.00294987,-76.50006869,329.9999997,-0.06981333333,0.5535566551,2
39.00296449,-76.50005523,331.9999997,-0.06981333333,0.6931833217,2
39.0029775,-76.50003928,333.9999997,-0.06981333333,0.8328099884,2
39.00298865,-76.50002117,335.9999997,-0.06981333333,0.9724366551,2
39.00299773,-76.50000125,337.9999997,-0.06981333333,1.112063322,2
39.00300456,-76.49997991,339.9999997,-0.06981333333,1.251689988,2
39.003009,-76.49995755,341.9999997,-0.06981333333,1.391316655,2
39.00301097,-76.49993462,343.9999997,-0.06981333333,1.530943322,2
39.00301043,-76.49991156,345.9999997,-0.06981333333,1.670569988,2
39.00300739,-76.49988882,347.9999997,-0.06981333333,1.810196655,2
39.00300191,-76.49986684,349.9999997,-0.06981333333,1.949823322,2
39.0029941,-76.49984606,351.9999997,-0.06981333333,2.089449988,2
39.00298411,-76.49982687,353.9999997,-0.06981333333,2.229076655,2
39.00297213,-76.49980965,355.9999997,-0.06981333333,2.368703322,2
39.0029584,-76.49979473,357.9999997,-0.06981333333,2.508329988,2
39.00294318,-76.49978241,359.9999997,-0.06981333333,2.647956655,2
39.00292677,-76.49977292,361.9999997,-0.06981333333,2.787583322,2
39.00290949,-76.49976646,363.9999997,-0.06981333333,2.927209988,2
39.00289168,-76.49976313,365.9999997,-0.06981333333,3.066836655,2
39.00287368,-76.49976302,367.9999997,-0.06981333333,-3.076721985,2
39.00285584,-76.49976611,369.9999997,0.06981333333,-2.950642573,2
39.00283797,-76.4997689,371.9999997,0.06981333333,-3.09026924,2
39.00281996,-76.49976911,373.9999997,0,3.141592654,2
39.00280194,-76.49976911,375.9999997,0,3.141592654,2
39.00278393,-76.49976911,377.9999997,0,3.141592654,2
39.00276591,-76.49976911,379.9999997,0,3.141592654,2
39.0027479,-76.49976911,381.9999997,0,3.141592654,2
39.00272988,-76.49976911,383.9999997,0,3.141592654,2
39.00271186,-76.49976911,385.9999997,0,3.141592654,2
39.00270232,-76.49976911,387.0590631,0,3.141592654,2
39.00270232,-76.49976911,387.0590631,0.06981333333,3.141592654,3
39.00268431,-76.49976911,389.0590631,0,3.141592653,3
39.00266629,-76.49976911,391.0590631,0,3.141592653,3
39.00264828,-76.49976911,393.0590631,0,3.141592653,3
39.00263026,-76.49976911,395.0590631,0,3.141592653,3
39.00261225,-76.49976912,397.0590631,0,3.141592653,3
39.00259423,-76.49976912,399.0590631,0,3.141592653,3
39.00257622,-76.49976912,401.0590631,0,3.141592653,3
39.0025582,-76.49976912,403.0590631,0,3.141592653,3
39.00254019,-76.49976912,405.0590631,0,3.141592653,3
39.00252217,-76.49976912,407.0590631,0,3.141592653,3
39.00250415,-76.49976912,409.0590631,0,3.141592653,3
39.00248614,-76.49976912,411.0590631,0,3.141592653,3
39.00246812,-76.49976912,413.0590631,0,3.141592653,3
39.00245011,-76.49976912,415.0590631,0,3.141592653,3
39.00243209,-76.49976912,417.0590631,0,3.141592653,3
39.00241408,-76.49976912,419.0590631,0,3.141592653,3
39.00239606,-76.49976912,421.0590631,0,3.141592653,3
39.00237805,-76.49976912,423.0590631,0,3.141592653,3
39.00236003,-76.49976912,425.0590631,0,3.141592653,3
39.00234201,-76.49976912,427.0590631,0,3.141592653,3
39.002324,-76.49976912,429.0590631,0,3.141592653,3
39.00230598,-76.49976912,431.0590631,0,3.141592653,3
39.00228797,-76.49976912,433.0590631,0,3.141592653,3
39.00226995,-76.49976912,435.0590631,0,3.141592653,3
39.00225194,-76.49976912,437.0590631,0,3.141592653,3
39.00223392,-76.49976912,439.0590631,0,3.141592653,3
39.00221591,-76.49976912,441.0590631,0,3.141592653,3
39.00219789,-76.49976912,443.0590631,0,3.141592653,3
39.00217988,-76.49976912,445.0590631,0,3.141592653,3
39.00216186,-76.49976912,447.0590631,0,3.141592653,3
39.00214384,-76.49976912,449.0590631,0,3.141592653,3
39.00212583,-76.49976912,451.0590631,0,3.141592653,3
39.00210781,-76.49976912,453.0590631,0,3.141592653,3
39.0020898,-76.49976912,455.0590631,0,3.141592653,3
39.00207178,-76.49976912,457.0590631,0,3.141592653,3
39.00205377,-76.49976912,459.0590631,0,3.141592653,3
39.00203575,-76.49976912,461.0590631,0,3.141592653,3
39.00201774,-76.49976912,463.0590631,0,3.141592653,3
39.00199972,-76.49976912,465.0590631,0,3.141592653,3
39.00198171,-76.49976912,467.0590631,0,3.141592653,3
39.00196369,-76.49976912,469.0590631,0,3.141592653,3
39.00194567,-76.49976912,471.0590631,0,3.141592653,3
39.00192766,-76.49976912,473.0590631,0,3.141592653,3
39.00190964,-76.49976912,475.0590631,0,3.141592653,3
39.00189163,-76.49976912,477.0590631,0,3.141592653,3
39.00187361,-76.49976912,479.0590631,0,3.141592653,3
39.0018556,-76.49976912,481.0590631,0,3.141592653,3
39.00183758,-76.49976912,483.0590631,0,3.141592653,3
39.00181957,-76.49976912,485.0590631,0,3.141592653,3
39.00180155,-76.49976912,487.0590631,0,3.141592653,3
39.00178353,-76.49976912,489.0590631,0,3.141592653,3
39.00176552,-76.49976912,491.0590631,0,3.141592653,3
39.0017475,-76.49976912,493.0590631,0,3.141592653,3
39.00172949,-76.49976912,495.0590631,0,3.141592653,3
39.00171147,-76.49976912,497.0590631,0,3.141592653,3
39.00169346,-76.49976912,499.0590631,0,3.141592653,3
39.00167544,-76.49976912,501.0590631,0,3.141592653,3
39.00165743,-76.49976912,503.0590631,0,3.141592653,3
39.00163941,-76.49976912,505.0590631,0,3.141592653,3
39.0016214,-76.49976912,507.0590631,0,3.141592653,3
39.00160338,-76.49976912,509.0590631,0,3.141592653,3
39.00158536,-76.49976912,511.0590631,0,3.141592653,3
39.00156735,-76.49976912,513.0590631,0,3.141592653,3
39.00154933,-76.49976912,515.0590631,0,3.141592653,3
39.00153132,-76.49976912,517.0590631,0,3.141592653,3
39.0015133,-76.49976912,519.0590631,0,3.141592653,3
39.00149529,-76.49976912,521.0590631,0,3.141592653,3
39.00147727,-76.49976912,523.0590631,0,3.141592653,3
39.00145926,-76.49976912,525.0590631,0,3.141592653,3
39.00144124,-76.49976912,527.0590631,0,3.141592653,3
39.00142322,-76.49976912,529.0590631,0,3.141592653,3
39.00140521,-76.49976912,531.0590631,0,3.141592653,3
39.00138719,-76.49976912,533.0590631,0,3.141592653,3
39.00136918,-76.49976912,535.0590631,0,3.141592653,3
39.00135116,-76.49976912,537.0590631,0,3.141592653,3
39.00133315,-76.49976912,539.0590631,0,3.141592653,3
39.00131513,-76.49976912,541.0590631,0,3.141592653,3
39.00129712,-76.49976912,543.0590631,0,3.141592653,3
39.0012791,-76.49976912,545.0590631,0,3.141592653,3
39.00126109,-76.49976912,547.0590631,0,3.141592653,3
39.00124307,-76.49976912,549.0590631,0,3.141592653,3
39.00122505,-76.49976912,551.0590631,0,3.141592653,3
39.00120704,-76.49976912,553.0590631,0,3.141592653,3
39.00118902,-76.49976912,555.0590631,0,3.141592653,3
39.00117101,-76.49976912,557.0590631,0,3.141592653,3
39.00115299,-76.49976912,559.0590631,0,3.141592653,3
39.00113498,-76.49976912,561.0590631,0,3.141592653,3
39.00111696,-76.49976912,563.0590631,0,3.141592653,3
39.00109895,-76.49976912,565.0590631,0,3.141592653,3
39.00108093,-76.49976912,567.0590631,0,3.141592653,3
39.00106291,-76.49976912,569.0590631,0,3.141592653,3
39.0010449,-76.49976912,571.0590631,0,3.141592653,3
39.00102688,-76.49976912,573.0590631,0,3.141592654,3
39.00100887,-76.49976912,575.0590631,0,3.141592654,3
39.00099085,-76.49976912,577.0590631,0,3.141592654,3
39.00097284,-76.49976912,579.0590631,0,3.141592654,3
39.00095482,-76.49976912,581.0590631,0,3.141592654,3
39.00093681,-76.49976912,583.0590631,0,3.141592654,3
39.00091879,-76.49976912,585.0590631,0,3.141592654,3
39.00090077,-76.49976912,587.0590628,0,3.141592654,3
39.00090077,-76.49976912,587.0590628,-0.06981333333,3.141592654,4
39.00088282,-76.49977073,589.0590628,-0.06981333333,-3.001965987,4
39.00086521,-76.49977553,591.0590628,-0.06981333333,-2.86233932,4
39.0008483,-76.49978342,593.0590628,-0.06981333333,-2.722712654,4
39.0008324,-76.49979425,595.0590628,-0.06981333333,-2.583085987,4
39.00081784,-76.49980781,597.0590628,-0.06981333333,-2.44345932,4
39.00080448,-76.49982329,599.0590628,0.06981333333,-2.43850931,4
39.00078997,-76.49983695,601.0590628,0.06981333333,-2.578135977,4
39.00077412,-76.49984788,603.0590628,0.06981333333,-2.717762644,4
39.00075724,-76.49985587,605.0590628,0.06981333333,-2.85738931,4
39.00073965,-76.49986078,607.0590628,0.06981333333,-2.997015977,4
39.0007217,-76.49986251,609.0590628,0.06981333333,-3.136642644,4
39.00070373,-76.49986101,611.0590628,0.06981333333,3.006915997,4
39.00068611,-76.49985633,613.0590628,0.06981333333,2.86728933,4
39.00066916,-76.49984854,615.0590628,0.06981333333,2.727662664,4
39.00065323,-76.49983781,617.0590628,0.06981333333,2.588035997,4
39.00063861,-76.49982435,619.0590628,0.06981333333,2.44840933,4
39.0006256,-76.4998084,621.0590628,0.06981333333,2.308782664,4
39.00061445,-76.4997903,623.0590628,0.06981333333,2.169155997,4
39.00060537,-76.49977037,625.0590628,0.06981333333,2.02952933,4
39.00059854,-76.49974903,627.0590628,0.06981333333,1.889902664,4
39.0005941,-76.49972667,629.0590628,0.06981333333,1.750275997,4
39.00059213,-76.49970374,631.0590628,0.06981333333,1.61064933,4
39.00059267,-76.49968068,633.0590628,0.06981333333,1.471022664,4
39.00059571,-76.49965795,635.0590628,0.06981333333,1.331395997,4
39.00060119,-76.49963597,637.0590628,0.06981333333,1.19176933,4
39.000609,-76.49961519,639.0590628,0.06981333333,1.052142664,4
39.00061899,-76.499596,641.0590628,0.06981333333,0.912515997,4
39.00063097,-76.49957878,643.0590628,0.06981333333,0.7728893303,4
39.0006447,-76.49956386,645.0590628,0.06981333333,0.6332626636,4
39.00065992,-76.49955154,647.0590628,0.06981333333,0.493635997,4
39.00067633,-76.49954205,649.0590628,0.06981333333,0.3540093303,4
39.00069361,-76.49953558,651.0590628,0.06981333333,0.2143826636,4
39.00071142,-76.49953226,653.0590628,0.06981333333,0.07475599695,4
39.00072942,-76.49953215,655.0590628,0.06981333333,-0.06487066972,4
39.00074726,-76.49953524,657.0590628,-0.06981333333,-0.1909500775,4
39.00076513,-76.49953802,659.0590628,-0.06981333333,-0.05132341084,4
39.00078314,-76.49953824,661.0590628,0,4.440892099e-16,4
39.00080116,-76.49953824,663.0590628,0,4.440892099e-16,4
39.00081917,-76.49953824,665.0590628,0,4.440892099e-16,4
39.00083719,-76.49953824,667.0590628,0,4.440892099e-16,4
39.0008552,-76.49953824,669.0590628,0,4.440892099e-16,4
39.00087322,-76.49953824,671.0590628,0,4.440892099e-16,4
39.00089123,-76.49953824,673.0590628,0,4.440892099e-16,4
39.00090077,-76.49953824,674.1181261,0,4.440892099e-16,4
39.00090077,-76.49953824,674.1181261,0.06981333333,0,5
39.00091879,-76.49953824,676.1181261,0,-2.053512915e-10,5
39.00093681,-76.49953824,678.1181261,0,-2.053512915e-10,5
39.00095482,-76.49953824,680.1181261,0,-2.053512915e-10,5
39.00097284,-76.49953824,682.1181261,0,-2.053512915e-10,5
39.00099085,-76.49953824,684.1181261,0,-2.053512915e-10,5
39.00100887,-76.49953824,686.1181261,0,-2.053512915e-10,5
39.00102688,-76.49953824,688.1181261,0,-2.053512915e-10,5
39.0010449,-76.49953824,690.1181261,0,-2.053512915e-10,5
39.00106291,-76.49953824,692.1181261,0,-2.053512915e-10,5
39.00108093,-76.49953824,694.1181261,0,-2.053512915e-10,5
39.00109894,-76.49953824,696.1181261,0,-2.053512915e-10,5
39.00111696,-76.49953824,698.1181261,0,-2.053512915e-10,5
39.00113498,-76.49953824,700.1181261,0,-2.053512915e-10,5
39.00115299,-76.49953824,702.1181261,0,-2.053512915e-10,5
39.00117101,-76.49953824,704.1181261,0,-2.053512915e-10,5
39.00118902,-76.49953824,706.1181261,0,-2.053512915e-10,5
39.00120704,-76.49953824,708.1181261,0,-2.053512915e-10,5
39.00122505,-76.49953824,710.1181261,0,-2.053512915e-10,5
39.00124307,-76.49953824,712.1181261,0,-2.053512915e-10,5
39.00126108,-76.49953824,714.1181261,0,-2.053512915e-10,5
39.0012791,-76.49953824,716.1181261,0,-2.053512915e-10,5
39.00129712,-76.49953824,718.1181261,0,-2.053512915e-10,5
39.00131513,-76.49953824,720.1181261,0,-2.053512915e-10,5
39.00133315,-76.49953824,722.1181261,0,-2.053512915e-10,5
39.00135116,-76.49953824,724.1181261,0,-2.053512915e-10,5
39.00136918,-76.49953824,726.1181261,0,-2.053512915e-10,5
39.00138719,-76.49953824,728.1181261,0,-2.053512915e-10,5
39.00140521,-76.49953824,730.1181261,0,-2.053512915e-10,5
39.00142322,-76.49953824,732.1181261,0,-2.053512915e-10,5
39.00144124,-76.49953824,734.1181261,0,-2.053512915e-10,5
39.00145925,-76.49953824,736.1181261,0,-2.053512915e-10,5
39.00147727,-76.49953824,738.1181261,0,-2.053512915e-10,5
39.00149529,-76.49953824,740.1181261,0,-2.053512915e-10,5
39.0015133,-76.49953824,742.1181261,0,-2.053512915e-10,5
39.00153132,-76.49953824,744.1181261,0,-2.053512915e-10,5
39.00154933,-76.49953824,746.1181261,0,-2.053512915e-10,5
39.00156735,-76.49953824,748.1181261,0,-2.053512915e-10,5
39.00158536,-76.49953824,750.1181261,0,-2.053512915e-10,5
39.00160338,-76.49953824,752.1181261,0,-2.053512915e-10,5
39.00162139,-76.49953824,754.1181261,0,-2.053512915e-10,5
39.00163941,-76.49953824,756.1181261,0,-2.053512915e-10,5
39.00165743,-76.49953824,758.1181261,0,-2.053512915e-10,5
39.00167544,-76.49953824,760.1181261,0,-2.053512915e-10,5
39.00169346,-76.49953824,762.1181261,0,-2.053512915e-10,5
39.00171147,-76.49953824,764.1181261,0,-2.053512915e-10,5
39.00172949,-76.49953824,766.1181261,0,-2.053512915e-10,5
39.0017475,-76.49953824,768.1181261,0,-2.053512915e-10,5
39.00176552,-76.49953824,770.1181261,0,-2.053512915e-10,5
39.00178353,-76.49953824,772.1181261,0,-2.053512915e-10,5
39.00180155,-76.49953824,774.1181261,0,-2.053512915e-10,5
39.00181956,-76.49953824,776.1181261,0,-2.053512915e-10,5
39.00183758,-76.49953824,778.1181261,0,-2.053512915e-10,5
39.0018556,-76.49953823,780.1181261,0,-2.053512915e-10,5
39.00187361,-76.49953823,782.1181261,0,-2.053512915e-10,5
39.00189163,-76.49953823,784.1181261,0,-2.053512915e-10,5
39.00190964,-76.49953823,786.1181261,0,-2.053512915e-10,5
39.00192766,-76.49953823,788.1181261,0,-2.053512915e-10,5
39.00194567,-76.49953823,790.1181261,0,-2.053512915e-10,5
39.00196369,-76.49953823,792.1181261,0,-2.053512915e-10,5
39.0019817,-76.49953823,794.1181261,0,-2.053512915e-10,5
39.00199972,-76.49953823,796.1181261,0,-2.053512915e-10,5
39.00201774,-76.49953823,798.1181261,0,-2.053512915e-10,5
39.00203575,-76.49953823,800.1181261,0,-2.053512915e-10,5
39.00205377,-76.49953823,802.1181261,0,-2.053512915e-10,5
39.00207178,-76.49953823,804.1181261,0,-2.053512915e-10,5
39.0020898,-76.49953823,806.1181261,0,-2.053512915e-10,5
39.00210781,-76.49953823,808.1181261,0,-2.053512915e-10,5
39.00212583,-76.49953823,810.1181261,0,-2.053512915e-10,5
39.00214384,-76.49953823,812.1181261,0,-2.053512915e-10,5
39.00216186,-76.49953823,814.1181261,0,-2.053512915e-10,5
39.00217987,-76.49953823,816.1181261,0,-2.053512915e-10,5
39.00219789,-76.49953823,818.1181261,0,-2.053512915e-10,5
39.00221591,-76.49953823,820.1181261,0,-2.053512915e-10,5
39.00223392,-76.49953823,822.1181261,0,-2.053512915e-10,5
39.00225194,-76.49953823,824.1181261,0,-2.053512915e-10,5
39.00226995,-76.49953823,826.1181261,0,-2.053512915e-10,5
39.00228797,-76.49953823,828.1181261,0,-2.053512915e-10,5
39.00230598,-76.49953823,830.1181261,0,-2.053512915e-10,5
39.002324,-76.49953823,832.1181261,0,-2.053512915e-10,5
39.00234201,-76.49953823,834.1181261,0,-2.053512915e-10,5
39.00236003,-76.49953823,836.1181261,0,-2.053512915e-10,5
39.00237805,-76.49953823,838.1181261,0,-2.053512915e-10,5
39.00239606,-76.49953823,840.1181261,0,-2.053512915e-10,5
39.00241408,-76.49953823,842.1181261,0,-2.053512915e-10,5
39.00243209,-76.49953823,844.1181261,0,-2.053512915e-10,5
39.00245011,-76.49953823,846.1181261,0,-2.053512915e-10,5
39.00246812,-76.49953823,848.1181261,0,-2.053512915e-10,5
39.00248614,-76.49953823,850.1181261,0,-2.053512915e-10,5
39.00250415,-76.49953823,852.1181261,0,-2.053512915e-10,5
39.00252217,-76.49953823,854.1181261,0,-2.053512915e-10,5
39.00254018,-76.49953823,856.1181261,0,-2.053512915e-10,5
39.0025582,-76.49953823,858.1181261,0,-2.053512915e-10,5
39.00257622,-76.49953823,860.1181261,0,-8.881784197e-16,5
39.00259423,-76.49953823,862.1181261,0,-8.881784197e-16,5
39.00261225,-76.49953823,864.1181261,0,-8.881784197e-16,5
39.00263026,-76.49953823,866.1181261,0,-8.881784197e-16,5
39.00264828,-76.49953823,868.1181261,0,-8.881784197e-16,5
39.00266629,-76.49953823,870.1181261,0,-8.881784197e-16,5
39.00268431,-76.49953823,872.1181261,0,-8.881784197e-16,5
39.00270232,-76.49953823,874.1181258,0,-8.881784197e-16,5
39.00270232,-76.49953823,874.1181258,0.06981333333,0,6
39.00272028,-76.49953984,876.1181258,0.06981333333,-0.1396266667,6
39.00273789,-76.49954463,878.1181258,0.06981333333,-0.2792533333,6
39.0027548,-76.49955253,880.1181258,0.06981333333,-0.41888,6
39.0027707,-76.49956336,882.1181258,0.06981333333,-0.5585066667,6
39.00278526,-76.49957692,884.1181258,0.06981333333,-0.6981333333,6
39.00279862,-76.4995924,886.1181258,-0.06981333333,-0.703083345,6
39.00281313,-76.49960606,888.1181258,-0.06981333333,-0.5634566784,6
39.00282898,-76.49961699,890.1181258,-0.06981333333,-0.4238300117,6
39.00284586,-76.49962498,892.1181258,-0.06981333333,-0.284203345,6
39.00286345,-76.49962989,894.1181258,-0.06981333333,-0.1445766784,6
39.0028814,-76.49963162,896.1181258,-0.06981333333,-0.004950011684,6
39.00289937,-76.49963012,898.1181258,-0.06981333333,0.134676655,6
39.00291699,-76.49962544,900.1181258,-0.06981333333,0.2743033216,6
39.00293394,-76.49961765,902.1181258,-0.06981333333,0.4139299883,6
39.00294987,-76.49960692,904.1181258,-0.06981333333,0.553556655,6
39.00296449,-76.49959345,906.1181258,-0.06981333333,0.6931833216,6
39.0029775,-76.49957751,908.1181258,-0.06981333333,0.8328099883,6
39.00298865,-76.4995594,910.1181258,-0.06981333333,0.972436655,6
39.00299773,-76.49953948,912.1181258,-0.06981333333,1.112063322,6
39.00300455,-76.49951813,914.1181258,-0.06981333333,1.251689988,6
39.003009,-76.49949578,916.1181258,-0.06981333333,1.391316655,6
39.00301097,-76.49947285,918.1181258,-0.06981333333,1.530943322,6
39.00301043,-76.49944979,920.1181258,-0.06981333333,1.670569988,6
39.00300739,-76.49942705,922.1181258,-0.06981333333,1.810196655,6
39.00300191,-76.49940507,924.1181258,-0.06981333333,1.949823322,6
39.0029941,-76.49938429,926.1181258,-0.06981333333,2.089449988,6
39.00298411,-76.4993651,928.1181258,-0.06981333333,2.229076655,6
39.00297213,-76.49934788,930.1181258,-0.06981333333,2.368703322,6
39.0029584,-76.49933296,932.1181258,-0.06981333333,2.508329988,6
39.00294318,-76.49932064,934.1181258,-0.06981333333,2.647956655,6
39.00292677,-76.49931115,936.1181258,-0.06981333333,2.787583322,6
39.00290949,-76.49930468,938.1181258,-0.06981333333,2.927209988,6
39.00289168,-76.49930136,940.1181258,-0.06981333333,3.066836655,6
39.00287368,-76.49930125,942.1181258,-0.06981333333,-3.076721986,6
39.00285584,-76.49930434,944.1181258,0.06981333333,-2.950642573,6
39.00283797,-76.49930713,946.1181258,0.06981333333,-3.090269239,6
39.00281996,-76.49930734,948.1181258,0,3.141592654,6
39.00280194,-76.49930734,950.1181258,0,3.141592654,6
39.00278392,-76.49930734,952.1181258,0,3.141592654,6
39.00276591,-76.49930734,954.1181258,0,3.141592654,6
39.00274789,-76.49930734,956.1181258,0,3.141592654,6
39.00272988,-76.49930734,958.1181258,0,3.141592654,6
39.00271186,-76.49930734,960.1181258,0,3.141592654,6
39.00270232,-76.49930734,961.1771892,0,3.141592654,6
39.00270232,-76.49930734,961.1771892,0.06981333333,3.141592654,7
39.00268431,-76.49930734,963.1771892,0,3.141592653,7
39.00266629,-76.49930734,965.1771892,0,3.141592653,7
39.00264828,-76.49930734,967.1771892,0,3.141592653,7
39.00263026,-76.49930734,969.1771892,0,3.141592653,7
39.00261225,-76.49930735,971.1771892,0,3.141592653,7
39.00259423,-76.49930735,973.1771892,0,3.141592653,7
39.00257621,-76.49930735,975.1771892,0,3.141592653,7
39.0025582,-76.49930735,977.1771892,0,3.141592653,7
39.00254018,-76.49930735,979.1771892,0,3.141592653,7
39.00252217,-76.49930735,981.1771892,0,3.141592653,7
39.00250415,-76.49930735,983.1771892,0,3.141592653,7
39.00248614,-76.49930735,985.1771892,0,3.141592653,7
39.00246812,-76.49930735,987.1771892,0,3.141592653,7
39.00245011,-76.49930735,989.1771892,0,3.141592653,7
39.00243209,-76.49930735,991.1771892,0,3.141592653,7
39.00241408,-76.49930735,993.1771892,0,3.141592653,7
39.00239606,-76.49930735,995.1771892,0,3.141592653,7
39.00237804,-76.49930735,997.1771892,0,3.141592653,7
39.00236003,-76.49930735,999.1771892,0,3.141592653,7
39.00234201,-76.49930735,1001.177189,0,3.141592653,7
39.002324,-76.49930735,1003.177189,0,3.141592653,7
39.00230598,-76.49930735,1005.177189,0,3.141592653,7
39.00228797,-76.49930735,1007.177189,0,3.141592653,7
39.00226995,-76.49930735,1009.177189,0,3.141592653,7
39.00225194,-76.49930735,1011.177189,0,3.141592653,7
39.00223392,-76.49930735,1013.177189,0,3.141592653,7
39.0022159,-76.49930735,1015.177189,0,3.141592653,7
39.00219789,-76.49930735,1017.177189,0,3.141592653,7
39.00217987,-76.49930735,1019.177189,0,3.141592653,7
39.00216186,-76.49930735,1021.177189,0,3.141592653,7
39.00214384,-76.49930735,1023.177189,0,3.141592653,7
39.00212583,-76.49930735,1025.177189,0,3.141592653,7
39.00210781,-76.49930735,1027.177189,0,3.141592653,7
39.0020898,-76.49930735,1029.177189,0,3.141592653,7
39.00207178,-76.49930735,1031.177189,0,3.141592653,7
39.00205377,-76.49930735,1033.177189,0,3.141592653,7
39.00203575,-76.49930735,1035.177189,0,3.141592653,7
39.00201773,-76.49930735,1037.177189,0,3.141592653,7
39.00199972,-76.49930735,1039.177189,0,3.141592653,7
39.0019817,-76.49930735,1041.177189,0,3.141592653,7
39.00196369,-76.49930735,1043.177189,0,3.141592653,7
39.00194567,-76.49930735,1045.177189,0,3.141592653,7
39.00192766,-76.49930735,1047.177189,0,3.141592653,7
39.00190964,-76.49930735,1049.177189,0,3.141592653,7
39.00189163,-76.49930735,1051.177189,0,3.141592653,7
39.00187361,-76.49930735,1053.177189,0,3.141592653,7
39.00185559,-76.49930735,1055.177189,0,3.141592653,7
39.00183758,-76.49930735,1057.177189,0,3.141592653,7
39.00181956,-76.49930735,1059.177189,0,3.141592653,7
39.00180155,-76.49930735,1061.177189,0,3.141592653,7
39.00178353,-76.49930735,1063.177189,0,3.141592653,7
39.00176552,-76.49930735,1065.177189,0,3.141592653,7
39.0017475,-76.49930735,1067.177189,0,3.141592653,7
39.00172949,-76.49930735,1069.177189,0,3.141592653,7
39.00171147,-76.49930735,1071.177189,0,3.141592653,7
39.00169346,-76.49930735,1073.177189,0,3.141592653,7
39.00167544,-76.49930735,1075.177189,0,3.141592653,7
39.00165742,-76.49930735,1077.177189,0,3.141592653,7
39.00163941,-76.49930735,1079.177189,0,3.141592653,7
39.00162139,-76.49930735,1081.177189,0,3.141592653,7
39.00160338,-76.49930735,1083.177189,0,3.141592653,7
39.00158536,-76.49930736,1085.177189,0,3.141592653,7
39.00156735,-76.49930736,1087.177189,0,3.141592653,7
39.00154933,-76.49930736,1089.177189,0,3.141592653,7
39.00153132,-76.49930736,1091.177189,0,3.141592653,7
39.0015133,-76.49930736,1093.177189,0,3.141592653,7
39.00149528,-76.49930736,1095.177189,0,3.141592653,7
39.00147727,-76.49930736,1097.177189,0,3.141592653,7
39.00145925,-76.49930736,1099.177189,0,3.141592653,7
39.00144124,-76.49930736,1101.177189,0,3.141592653,7
39.00142322,-76.49930736,1103.177189,0,3.141592653,7
39.00140521,-76.49930736,1105.177189,0,3.141592653,7
39.00138719,-76.49930736,1107.177189,0,3.141592653,7
39.00136918,-76.49930736,1109.177189,0,3.141592653,7
39.00135116,-76.49930736,1111.177189,0,3.141592653,7
39.00133315,-76.49930736,1113.177189,0,3.141592653,7
39.00131513,-76.49930736,1115.177189,0,3.141592653,7
39.00129711,-76.49930736,1117.177189,0,3.141592653,7
39.0012791,-76.49930736,1119.177189,0,3.141592653,7
39.00126108,-76.49930736,1121.177189,0,3.141592653,7
39.00124307,-76.49930736,1123.177189,0,3.141592653,7
39.00122505,-76.49930736,1125.177189,0,3.141592653,7
39.00120704,-76.49930736,1127.177189,0,3.141592653,7
39.00118902,-76.49930736,1129.177189,0,3.141592653,7
39.00117101,-76.49930736,1131.177189,0,3.141592653,7
39.00115299,-76.49930736,1133.177189,0,3.141592653,7
39.00113497,-76.49930736,1135.177189,0,3.141592653,7
39.00111696,-76.49930736,1137.177189,0,3.141592653,7
39.00109894,-76.49930736,1139.177189,0,3.141592653,7
39.00108093,-76.49930736,1141.177189,0,3.141592653,7
39.00106291,-76.49930736,1143.177189,0,3.141592653,7
39.0010449,-76.49930736,1145.177189,0,3.141592653,7
39.00102688,-76.49930736,1147.177189,0,3.141592654,7
39.00100887,-76.49930736,1149.177189,0,3.141592654,7
39.00099085,-76.49930736,1151.177189,0,3.141592654,7
39.00097284,-76.49930736,1153.177189,0,3.141592654,7
39.00095482,-76.49930736,1155.177189,0,3.141592654,7
39.0009368,-76.49930736,1157.177189,0,3.141592654,7
39.00091879,-76.49930736,1159.177189,0,3.141592654,7
39.00090077,-76.49930736,1161.177189,0,3.141592654,7
